seg,word,cate,v,a
0,army,0,4.72,5.03
0,disappointed,0,2.65,4.47
1,army,0,4.72,5.03
1,anger,0,2.5,5.93
1,rude,0,2.5,6.31
1,deserve,0,6.77,4.5
4,army,0,4.72,5.03
5,hit,0,3.95,5.48
6,hot,0,5.73,4.76
10,science,0,4.76,4.71
11,science,0,4.76,4.71
15,waffle,0,6.75,4.5
16,jealous,0,2.38,5.9
18,hot,0,5.73,4.76
18,jealous,0,2.38,5.9
19,hot,0,5.73,4.76
20,deserve,0,6.77,4.5
22,hot,0,5.73,4.76
22,deserve,0,6.77,4.5
23,jealous,0,2.38,5.9
28,deserve,0,6.77,4.5
31,deserve,0,6.77,4.5
33,trouble,0,3.03,6.85
35,sucker,0,4,4.74
40,waffle,0,6.75,4.5
45,hot,0,5.73,4.76
80,guilty,0,3.09,4.65
86,waffle,0,6.75,4.5
86,shark,0,4.02,5.27
88,suck,0,3.71,5.6
89,deserve,0,6.77,4.5
90,stairs,0,4.67,5
91,deny,0,3.81,5.63
91,deny,0,3.81,5.63
107,row,0,5.48,3.39
120,waffle,0,6.75,4.5
128,smell,0,6.39,5.24
129,crunch,0,4.79,4.17
129,crunch,0,4.79,4.17
135,science,0,4.76,4.71
135,hot,0,5.73,4.76
147,grumpy,0,2.81,5.05
147,blame,0,2.94,4.81
147,rough,0,4.74,5.33
151,annoying,0,3,5.55
151,argue,0,3.15,6.67
161,kick,0,4.55,5.1
163,bout,0,3.9,3.67
164,bout,0,3.9,3.67
168,hit,0,3.95,5.48
168,battery,0,4.26,3.95
168,science,0,4.76,4.71
170,blame,0,2.94,4.81
178,kick,0,4.55,5.1
180,kick,0,4.55,5.1
181,damn,0,4.32,5.1
183,lie,0,2.39,4.81
183,betrayal,0,2.24,5.71
187,kick,0,4.55,5.1
188,thump,0,4.42,4
188,thump,0,4.42,4
195,science,0,4.76,4.71
0,wait,1,4.55,3.62
0,world,1,6.5,5.32
0,wait,1,4.55,3.62
1,time,1,5.6,3.41
1,time,1,5.6,3.41
2,spree,1,5.95,5
2,neighborhood,1,6.09,4.05
4,weigh,1,4.32,4.14
4,wait,1,4.55,3.62
4,ready,1,6.64,3.9
6,highway,1,5.92,5.16
6,wait,1,4.55,3.62
7,city,1,6.03,5.24
9,time,1,5.6,3.41
10,world,1,6.5,5.32
11,time,1,5.6,3.41
12,thought,1,6.76,4.16
12,world,1,6.5,5.32
12,world,1,6.5,5.32
12,world,1,6.5,5.32
15,hands,1,5.93,5.21
15,hockey,1,5.39,5
15,store,1,5.94,3.43
15,store,1,5.94,3.43
15,time,1,5.6,3.41
16,realize,1,6.25,5.26
16,time,1,5.6,3.41
16,hard,1,5.22,5.12
16,time,1,5.6,3.41
17,ready,1,6.64,3.9
17,hurry,1,4.32,5.62
17,permit,1,5.47,5.08
20,sunset,1,7.46,4.68
20,time,1,5.6,3.41
20,wait,1,4.55,3.62
20,chest,1,6.26,5.44
20,thought,1,6.76,4.16
22,world,1,6.5,5.32
22,news,1,5.3,5.17
22,hands,1,5.93,5.21
23,world,1,6.5,5.32
24,wait,1,4.55,3.62
28,thought,1,6.76,4.16
28,album,1,6.21,5.18
28,album,1,6.21,5.18
28,world,1,6.5,5.32
30,album,1,6.21,5.18
30,wait,1,4.55,3.62
31,wait,1,4.55,3.62
33,wait,1,4.55,3.62
35,time,1,5.6,3.41
39,wonder,1,6.03,5
40,train,1,5.59,4.85
43,attempt,1,6,4.94
43,bible,1,5.97,4.57
43,wonder,1,6.03,5
43,time,1,5.6,3.41
44,wait,1,4.55,3.62
45,airport,1,6,5.5
50,water,1,6.61,4.97
51,time,1,5.6,3.41
51,sunset,1,7.46,4.68
51,world,1,6.5,5.32
52,thought,1,6.76,4.16
54,sunset,1,7.46,4.68
54,album,1,6.21,5.18
56,hands,1,5.93,5.21
61,wait,1,4.55,3.62
65,world,1,6.5,5.32
66,time,1,5.6,3.41
66,time,1,5.6,3.41
66,city,1,6.03,5.24
67,time,1,5.6,3.41
68,butt,1,5.36,5.2
70,world,1,6.5,5.32
71,hungry,1,3.54,5.6
72,anticipation,1,5.26,5.39
81,hard,1,5.22,5.12
83,world,1,6.5,5.32
84,city,1,6.03,5.24
89,wait,1,4.55,3.62
89,puppy,1,7.85,5.84
89,wait,1,4.55,3.62
95,bridge,1,5.26,5.03
95,bridge,1,5.26,5.03
95,bridge,1,5.26,5.03
95,time,1,5.6,3.41
96,wait,1,4.55,3.62
99,ready,1,6.64,3.9
100,start,1,6.41,4.81
101,wait,1,4.55,3.62
101,album,1,6.21,5.18
102,time,1,5.6,3.41
105,world,1,6.5,5.32
108,album,1,6.21,5.18
110,time,1,5.6,3.41
113,ready,1,6.64,3.9
114,time,1,5.6,3.41
116,time,1,5.6,3.41
118,scene,1,5.59,4.93
127,scent,1,6.3,5.3
129,bridge,1,5.26,5.03
129,bridge,1,5.26,5.03
130,thought,1,6.76,4.16
132,ready,1,6.64,3.9
133,time,1,5.6,3.41
135,world,1,6.5,5.32
135,immature,1,3.17,4.21
138,sunset,1,7.46,4.68
139,time,1,5.6,3.41
140,world,1,6.5,5.32
142,ready,1,6.64,3.9
143,lesson,1,5.57,3.8
144,time,1,5.6,3.41
144,wait,1,4.55,3.62
147,scene,1,5.59,4.93
147,draft,1,5.3,4.1
149,hurry,1,4.32,5.62
149,ready,1,6.64,3.9
149,carve,1,5.08,4.72
149,hurry,1,4.32,5.62
149,ring,1,6.33,5.37
150,start,1,6.41,4.81
151,subway,1,6.29,5.52
152,sunset,1,7.46,4.68
153,wait,1,4.55,3.62
155,fetus,1,5.21,4.97
155,news,1,5.3,5.17
155,top,1,6,4.33
161,attempt,1,6,4.94
164,wait,1,4.55,3.62
164,world,1,6.5,5.32
164,stud,1,4.89,5.14
165,wait,1,4.55,3.62
165,album,1,6.21,5.18
165,top,1,6,4.33
165,world,1,6.5,5.32
167,happen,1,5.5,3.43
169,hard,1,5.22,5.12
169,hard,1,5.22,5.12
171,adventure,1,7.4,6.36
173,interim,1,4.68,3.68
173,time,1,5.6,3.41
175,wait,1,4.55,3.62
175,edition,1,5.3,3.79
175,world,1,6.5,5.32
175,wont,1,4.09,4.23
176,wait,1,4.55,3.62
178,time,1,5.6,3.41
178,world,1,6.5,5.32
178,butt,1,5.36,5.2
179,city,1,6.03,5.24
180,wait,1,4.55,3.62
181,time,1,5.6,3.41
181,ready,1,6.64,3.9
181,wait,1,4.55,3.62
188,ready,1,6.64,3.9
189,wait,1,4.55,3.62
189,wait,1,4.55,3.62
189,news,1,5.3,5.17
190,twins,1,6.24,5.17
190,ready,1,6.64,3.9
191,time,1,5.6,3.41
191,top,1,6,4.33
191,university,1,6.95,4.24
192,teeth,1,5.46,4.77
192,album,1,6.21,5.18
193,time,1,5.6,3.41
193,butt,1,5.36,5.2
194,ready,1,6.64,3.9
194,start,1,6.41,4.81
194,thought,1,6.76,4.16
194,warm,1,6.5,5.14
194,wait,1,4.55,3.62
197,soccer,1,5.9,5.39
198,world,1,6.5,5.32
0,stop,2,3.96,4.26
1,crap,2,3.44,4.62
1,bored,2,2.95,2.83
8,fool,2,3.56,4.86
10,alone,2,2.41,4.83
10,end,2,3.44,4.44
13,stomach,2,4.53,3.76
13,starving,2,2.86,5.1
15,lazy,2,3.05,3.05
15,sick,2,2.29,4.67
16,alone,2,2.41,4.83
16,lazy,2,3.05,3.05
16,pale,2,3.17,3.5
16,ashamed,2,2.52,5.65
17,hunger,2,2.76,5.36
17,stupid,2,2.84,4.34
17,stop,2,3.96,4.26
20,nose,2,5.5,3.1
21,end,2,3.44,4.44
21,boring,2,2.71,2.85
21,boring,2,2.71,2.85
22,sick,2,2.29,4.67
28,stop,2,3.96,4.26
30,sloth,2,4.05,2.9
30,stop,2,3.96,4.26
31,braces,2,3.17,5.24
35,sad,2,1.61,4.13
37,braces,2,3.17,5.24
52,fool,2,3.56,4.86
53,traffic,2,2.27,5.8
57,dead,2,1.94,5.73
57,pale,2,3.17,3.5
64,weird,2,5.09,4.29
64,weird,2,5.09,4.29
65,poor,2,2.28,5.21
66,boy,2,5.84,4.11
74,goo,2,4.68,3.65
86,stupid,2,2.84,4.34
86,sad,2,1.61,4.13
87,weird,2,5.09,4.29
88,lazy,2,3.05,3.05
89,fatty,2,2.38,3.35
90,fake,2,2.62,5.15
94,sad,2,1.61,4.13
95,end,2,3.44,4.44
96,braces,2,3.17,5.24
97,lemon,2,6.37,4.52
98,end,2,3.44,4.44
98,dumb,2,2.44,5.3
99,boy,2,5.84,4.11
102,lazy,2,3.05,3.05
104,boring,2,2.71,2.85
111,hoarse,2,3.85,3.17
121,lame,2,3.66,3.69
126,sad,2,1.61,4.13
126,boy,2,5.84,4.11
129,bum,2,3.64,4.39
131,lazy,2,3.05,3.05
136,alone,2,2.41,4.83
147,stupid,2,2.84,4.34
155,fail,2,1.79,6.31
155,sick,2,2.29,4.67
164,cut,2,3.64,5
164,lazy,2,3.05,3.05
164,starving,2,2.86,5.1
164,weird,2,5.09,4.29
166,dead,2,1.94,5.73
175,stop,2,3.96,4.26
179,end,2,3.44,4.44
180,alone,2,2.41,4.83
181,interested,2,6.83,4.45
181,stop,2,3.96,4.26
181,donkey,2,6.29,2.9
183,end,2,3.44,4.44
188,weird,2,5.09,4.29
188,addicted,2,2.51,4.81
189,addicted,2,2.51,4.81
190,crap,2,3.44,4.62
191,sad,2,1.61,4.13
194,sad,2,1.61,4.13
194,alone,2,2.41,4.83
195,traffic,2,2.27,5.8
197,sick,2,2.29,4.67
198,end,2,3.44,4.44
0,die,3,1.67,6.9
1,hang,3,4.33,5.4
1,god,3,5.9,5.56
1,insane,3,2.55,5.14
2,god,3,5.9,5.56
2,god,3,5.9,5.56
3,fight,3,3.54,6.33
4,worry,3,2.1,6.33
4,worry,3,2.1,6.33
4,fear,3,2.93,6.14
4,bad,3,3.24,4.86
5,pain,3,2,6.27
5,mad,3,2.47,5.59
5,bad,3,3.24,4.86
6,killing,3,1.95,5.52
6,watch,3,5.45,3.37
6,hang,3,4.33,5.4
9,exam,3,2.76,7.03
10,watch,3,5.45,3.37
10,watch,3,5.45,3.37
10,awful,3,2.28,4.86
15,hate,3,1.96,6.26
16,fight,3,3.54,6.33
16,honest,3,8.16,4
16,die,3,1.67,6.9
17,murderer,3,1.92,6.83
17,fire,3,4.32,6.05
17,crazy,3,5.14,5.9
17,discipline,3,5.9,5.8
17,force,3,4.17,5.35
17,doubt,3,3.28,4.33
18,sickness,3,2.4,3.95
18,insane,3,2.55,5.14
19,chicken,3,6.17,3.2
20,warning,3,3.48,6.25
20,watch,3,5.45,3.37
20,awful,3,2.28,4.86
20,hate,3,1.96,6.26
20,remove,3,4.21,3.11
21,god,3,5.9,5.56
21,capture,3,5.05,5.43
21,hate,3,1.96,6.26
22,enemy,3,2.22,5.3
22,awful,3,2.28,4.86
22,killer,3,1.89,7.86
23,devil,3,3.11,5.4
23,crazy,3,5.14,5.9
23,awful,3,2.28,4.86
23,insane,3,2.55,5.14
25,god,3,5.9,5.56
28,bear,3,5.33,4.5
28,awful,3,2.28,4.86
29,bad,3,3.24,4.86
29,worry,3,2.1,6.33
30,kill,3,1.81,6.81
31,spider,3,3.35,6.91
31,god,3,5.9,5.56
31,madness,3,2.86,6.25
33,god,3,5.9,5.56
39,bad,3,3.24,4.86
39,dreadful,3,2.6,4.5
40,gun,3,3.66,7.74
44,anxious,3,3.8,6.2
47,steal,3,2.17,5.3
52,case,3,5.18,4.14
52,fret,3,3.73,5.89
53,hate,3,1.96,6.26
57,killing,3,1.95,5.52
59,afraid,3,2.25,5.12
60,hate,3,1.96,6.26
60,crazy,3,5.14,5.9
64,scary,3,3.24,6.69
65,emotional,3,4.36,5.75
65,god,3,5.9,5.56
66,worry,3,2.1,6.33
66,fear,3,2.93,6.14
67,change,3,5.09,4.05
69,hate,3,1.96,6.26
70,awful,3,2.28,4.86
71,fire,3,4.32,6.05
71,fire,3,4.32,6.05
72,bad,3,3.24,4.86
73,hopeless,3,2.2,4.52
73,weirdo,3,5.19,4.9
74,bee,3,3.68,5.65
79,bad,3,3.24,4.86
81,crazy,3,5.14,5.9
81,crazy,3,5.14,5.9
81,crazy,3,5.14,5.9
84,insane,3,2.55,5.14
85,bad,3,3.24,4.86
86,die,3,1.67,6.9
86,bad,3,3.24,4.86
86,bait,3,4,3.5
89,change,3,5.09,4.05
89,bad,3,3.24,4.86
91,afraid,3,2.25,5.12
94,witch,3,3.14,5.3
95,hurt,3,2.45,4.72
95,bad,3,3.24,4.86
96,worry,3,2.1,6.33
101,radioactive,3,3.47,5.64
102,crazy,3,5.14,5.9
104,bothered,3,3,6.17
104,remove,3,4.21,3.11
105,mad,3,2.47,5.59
108,horrible,3,2.33,5.95
112,die,3,1.67,6.9
112,doubt,3,3.28,4.33
112,bad,3,3.24,4.86
116,challenge,3,5.95,5.25
119,rob,3,2.1,5.54
121,afraid,3,2.25,5.12
124,doubt,3,3.28,4.33
126,crazed,3,3.5,6.25
133,crazy,3,5.14,5.9
134,homework,3,3.32,4.74
135,scared,3,2.78,6.82
140,bad,3,3.24,4.86
147,lion,3,5.84,5.29
147,stealing,3,2.75,4.57
151,mad,3,2.47,5.59
151,freezing,3,3.33,5.84
152,childish,3,4.89,5
153,hate,3,1.96,6.26
156,horrible,3,2.33,5.95
156,bear,3,5.33,4.5
158,radioactive,3,3.47,5.64
159,fight,3,3.54,6.33
161,hunter,3,4.9,5.86
161,stormy,3,5.14,6.52
163,afraid,3,2.25,5.12
163,curse,3,2.9,5.2
163,disease,3,1.68,5.5
169,killing,3,1.95,5.52
171,barbaric,3,3.43,5.6
175,hate,3,1.96,6.26
177,awful,3,2.28,4.86
178,homework,3,3.32,4.74
178,die,3,1.67,6.9
180,god,3,5.9,5.56
180,nervous,3,3.56,5.51
181,steal,3,2.17,5.3
181,stealing,3,2.75,4.57
183,watch,3,5.45,3.37
183,hood,3,4.95,3.33
183,watch,3,5.45,3.37
187,homework,3,3.32,4.74
188,hurt,3,2.45,4.72
188,kill,3,1.81,6.81
190,villain,3,3,4.91
191,collapse,3,3.37,6.14
191,watch,3,5.45,3.37
192,watch,3,5.45,3.37
193,insane,3,2.55,5.14
194,bad,3,3.24,4.86
195,hate,3,1.96,6.26
195,die,3,1.67,6.9
197,watch,3,5.45,3.37
198,confused,3,3.21,6.03
0,happy,4,8.47,6.05
0,cute,4,7.56,5.05
0,complete,4,8.17,5.75
0,day,4,6.66,5
0,me,4,8.06,5.97
0,like,4,7.52,6.63
0,know,4,6.93,5.77
0,adorable,4,7.4,4.66
0,love,4,8,5.36
0,know,4,6.93,5.77
0,love,4,8,5.36
0,beautiful,4,7.61,5.71
0,friend,4,6.79,4.29
0,care,4,7.53,6.03
0,love,4,8,5.36
0,bless,4,7,4.57
0,kid,4,6.42,5.35
0,red,4,6.41,5.29
0,beautiful,4,7.61,5.71
0,day,4,6.66,5
0,love,4,8,5.36
0,people,4,7.33,5.94
0,friend,4,6.79,4.29
0,beautiful,4,7.61,5.71
0,first,4,6.89,6.14
0,day,4,6.66,5
0,love,4,8,5.36
0,beach,4,7.21,5.1
1,soup,4,7.05,4.24
1,happy,4,8.47,6.05
1,cruise,4,7.17,5.83
1,idea,4,7,5.86
1,favorite,4,7.39,4.4
1,wish,4,7.09,5.16
1,right,4,6.45,4.79
1,like,4,7.52,6.63
1,people,4,7.33,5.94
1,play,4,8.1,6.93
1,guitar,4,6.86,5.82
1,beautiful,4,7.61,5.71
1,me,4,8.06,5.97
1,me,4,8.06,5.97
1,high,4,6.62,5.56
1,idea,4,7,5.86
1,dog,4,7.57,5.76
1,me,4,8.06,5.97
1,me,4,8.06,5.97
1,me,4,8.06,5.97
1,child,4,7.2,5.33
1,love,4,8,5.36
1,people,4,7.33,5.94
1,happy,4,8.47,6.05
1,day,4,6.66,5
1,bless,4,7,4.57
1,love,4,8,5.36
1,love,4,8,5.36
1,mother,4,7.53,4.73
1,daughter,4,6.73,5
1,love,4,8,5.36
1,men,4,6.66,5.69
1,freedom,4,7.72,5.67
1,love,4,8,5.36
1,love,4,8,5.36
1,enjoy,4,7.67,5
1,fun,4,8.37,6.32
1,girl,4,6.87,4.29
1,know,4,6.93,5.77
1,movie,4,6.86,4.93
1,movie,4,6.86,4.93
1,cute,4,7.56,5.05
1,happy,4,8.47,6.05
1,love,4,8,5.36
1,me,4,8.06,5.97
1,me,4,8.06,5.97
1,know,4,6.93,5.77
1,animal,4,6.48,5.55
1,like,4,7.52,6.63
1,friend,4,6.79,4.29
2,sexy,4,8.02,7.36
2,love,4,8,5.36
2,people,4,7.33,5.94
2,like,4,7.52,6.63
2,people,4,7.33,5.94
2,think,4,6.41,5.34
2,sing,4,7.5,4.1
2,life,4,7.27,6.02
2,me,4,8.06,5.97
2,favorite,4,7.39,4.4
2,me,4,8.06,5.97
2,like,4,7.52,6.63
3,promise,4,6.64,3.9
3,song,4,7.1,6.07
3,love,4,8,5.36
3,like,4,7.52,6.63
3,fun,4,8.37,6.32
3,right,4,6.45,4.79
3,fun,4,8.37,6.32
3,memory,4,6.62,5.42
4,like,4,7.52,6.63
4,me,4,8.06,5.97
4,like,4,7.52,6.63
4,like,4,7.52,6.63
4,know,4,6.93,5.77
4,happy,4,8.47,6.05
4,know,4,6.93,5.77
4,artist,4,6.59,4.94
4,like,4,7.52,6.63
5,me,4,8.06,5.97
5,me,4,8.06,5.97
5,love,4,8,5.36
5,like,4,7.52,6.63
5,kid,4,6.42,5.35
5,people,4,7.33,5.94
6,baby,4,6.67,4.97
6,home,4,7.91,4.21
6,love,4,8,5.36
6,me,4,8.06,5.97
6,beautiful,4,7.61,5.71
6,love,4,8,5.36
6,movie,4,6.86,4.93
6,funny,4,8.56,7
7,sing,4,7.5,4.1
7,me,4,8.06,5.97
7,song,4,7.1,6.07
7,dreams,4,7.14,6.48
8,me,4,8.06,5.97
8,people,4,7.33,5.94
8,me,4,8.06,5.97
9,love,4,8,5.36
10,me,4,8.06,5.97
10,answer,4,6.63,5.41
10,me,4,8.06,5.97
10,favorite,4,7.39,4.4
10,movie,4,6.86,4.93
10,like,4,7.52,6.63
10,me,4,8.06,5.97
10,family,4,7.65,4.8
10,day,4,6.66,5
10,glad,4,7.55,3.71
10,love,4,8,5.36
10,girl,4,6.87,4.29
10,me,4,8.06,5.97
10,like,4,7.52,6.63
10,like,4,7.52,6.63
11,thankful,4,7.76,4.52
11,people,4,7.33,5.94
12,like,4,7.52,6.63
12,pretty,4,7.7,5.5
12,like,4,7.52,6.63
12,think,4,6.41,5.34
12,me,4,8.06,5.97
12,sing,4,7.5,4.1
12,me,4,8.06,5.97
12,people,4,7.33,5.94
12,food,4,7.52,4.69
12,me,4,8.06,5.97
12,love,4,8,5.36
12,love,4,8,5.36
12,food,4,7.52,4.69
12,love,4,8,5.36
12,food,4,7.52,4.69
12,pretty,4,7.7,5.5
12,me,4,8.06,5.97
12,me,4,8.06,5.97
12,pretty,4,7.7,5.5
12,me,4,8.06,5.97
12,me,4,8.06,5.97
12,pretty,4,7.7,5.5
12,pretty,4,7.7,5.5
12,me,4,8.06,5.97
12,me,4,8.06,5.97
13,me,4,8.06,5.97
13,life,4,7.27,6.02
13,know,4,6.93,5.77
13,me,4,8.06,5.97
13,life,4,7.27,6.02
13,sure,4,6.53,5
13,play,4,8.1,6.93
13,guitar,4,6.86,5.82
13,sing,4,7.5,4.1
13,head,4,6.63,5.7
13,play,4,8.1,6.93
14,love,4,8,5.36
14,song,4,7.1,6.07
15,favorite,4,7.39,4.4
15,love,4,8,5.36
15,know,4,6.93,5.77
15,me,4,8.06,5.97
15,house,4,7.26,4.56
15,family,4,7.65,4.8
15,music,4,7.67,5.57
15,people,4,7.33,5.94
15,gorgeous,4,7.57,4.92
15,bed,4,7.51,3.61
15,give,4,7.13,5.33
15,me,4,8.06,5.97
15,gorgeous,4,7.57,4.92
16,wish,4,7.09,5.16
16,man,4,6.73,5.24
16,me,4,8.06,5.97
16,baby,4,6.67,4.97
16,easy,4,7.1,4.48
16,right,4,6.45,4.79
16,men,4,6.66,5.69
16,mind,4,6.68,5
16,favorite,4,7.39,4.4
16,know,4,6.93,5.77
16,home,4,7.91,4.21
16,home,4,7.91,4.21
16,song,4,7.1,6.07
16,me,4,8.06,5.97
16,me,4,8.06,5.97
16,fun,4,8.37,6.32
16,sexy,4,8.02,7.36
16,gorgeous,4,7.57,4.92
16,glad,4,7.55,3.71
16,first,4,6.89,6.14
16,like,4,7.52,6.63
16,baby,4,6.67,4.97
16,know,4,6.93,5.77
16,people,4,7.33,5.94
16,day,4,6.66,5
16,beautiful,4,7.61,5.71
16,love,4,8,5.36
17,love,4,8,5.36
17,me,4,8.06,5.97
17,home,4,7.91,4.21
17,beach,4,7.21,5.1
17,love,4,8,5.36
17,like,4,7.52,6.63
17,like,4,7.52,6.63
17,beautiful,4,7.61,5.71
17,love,4,8,5.36
17,me,4,8.06,5.97
17,talent,4,6.3,5.6
17,party,4,7.86,6.69
17,kid,4,6.42,5.35
17,kid,4,6.42,5.35
17,man,4,6.73,5.24
17,sing,4,7.5,4.1
17,like,4,7.52,6.63
17,baby,4,6.67,4.97
17,favorite,4,7.39,4.4
17,me,4,8.06,5.97
17,priceless,4,6.95,5.23
17,friend,4,6.79,4.29
17,nature,4,7.65,4.37
17,pretty,4,7.7,5.5
17,perfect,4,7.19,4.71
17,day,4,6.66,5
17,twinkle,4,6.26,3.72
17,star,4,7.47,5.5
17,tune,4,6.93,4.71
17,home,4,7.91,4.21
17,gorgeous,4,7.57,4.92
17,love,4,8,5.36
17,perfect,4,7.19,4.71
17,happy,4,8.47,6.05
17,friend,4,6.79,4.29
17,first,4,6.89,6.14
18,me,4,8.06,5.97
18,movie,4,6.86,4.93
18,achieve,4,7.75,4.7
18,beauty,4,7.58,4.89
18,happy,4,8.47,6.05
18,beautiful,4,7.61,5.71
18,befriend,4,7.14,4.25
18,me,4,8.06,5.97
19,achieve,4,7.75,4.7
20,free,4,8.26,5.15
20,me,4,8.06,5.97
20,me,4,8.06,5.97
20,like,4,7.52,6.63
20,cute,4,7.56,5.05
20,give,4,7.13,5.33
20,fun,4,8.37,6.32
20,day,4,6.66,5
20,win,4,8.38,7.72
20,concert,4,7.66,7.32
21,love,4,8,5.36
21,right,4,6.45,4.79
21,me,4,8.06,5.97
21,heart,4,7.39,6.34
21,space,4,6.78,5.14
21,food,4,7.52,4.69
21,like,4,7.52,6.63
21,kids,4,6.91,5.27
21,wish,4,7.09,5.16
21,eat,4,7.1,4.38
21,like,4,7.52,6.63
21,game,4,6.98,5.89
21,day,4,6.66,5
21,like,4,7.52,6.63
21,gorgeous,4,7.57,4.92
21,wish,4,7.09,5.16
21,gorgeous,4,7.57,4.92
21,love,4,8,5.36
21,friend,4,6.79,4.29
21,like,4,7.52,6.63
21,right,4,6.45,4.79
21,forgive,4,7.06,3.62
22,like,4,7.52,6.63
22,victory,4,7.59,5.9
22,people,4,7.33,5.94
22,like,4,7.52,6.63
22,right,4,6.45,4.79
22,me,4,8.06,5.97
22,like,4,7.52,6.63
22,song,4,7.1,6.07
22,happy,4,8.47,6.05
22,movie,4,6.86,4.93
22,like,4,7.52,6.63
22,baby,4,6.67,4.97
22,cute,4,7.56,5.05
22,day,4,6.66,5
22,love,4,8,5.36
23,like,4,7.52,6.63
23,girl,4,6.87,4.29
23,happy,4,8.47,6.05
23,people,4,7.33,5.94
23,happy,4,8.47,6.05
23,perfect,4,7.19,4.71
23,meal,4,7.59,5.79
24,heart,4,7.39,6.34
24,couple,4,7.41,6.39
24,like,4,7.52,6.63
24,funny,4,8.56,7
25,fruit,4,6.93,4.63
25,juice,4,6.79,5.69
25,free,4,8.26,5.15
25,concert,4,7.66,7.32
25,able,4,6.74,4.3
26,like,4,7.52,6.63
26,beach,4,7.21,5.1
26,happy,4,8.47,6.05
26,enjoy,4,7.67,5
26,day,4,6.66,5
27,fun,4,8.37,6.32
27,like,4,7.52,6.63
27,care,4,7.53,6.03
27,love,4,8,5.36
27,day,4,6.66,5
28,love,4,8,5.36
28,fun,4,8.37,6.32
28,love,4,8,5.36
28,love,4,8,5.36
28,me,4,8.06,5.97
28,love,4,8,5.36
28,love,4,8,5.36
28,day,4,6.66,5
28,sunshine,4,8.14,5.32
28,give,4,7.13,5.33
28,like,4,7.52,6.63
28,me,4,8.06,5.97
28,fly,4,7.29,6.64
28,car,4,7.73,6.24
28,day,4,6.66,5
28,pretty,4,7.7,5.5
28,gorgeous,4,7.57,4.92
28,pretty,4,7.7,5.5
28,love,4,8,5.36
28,favorite,4,7.39,4.4
28,love,4,8,5.36
28,happiness,4,8.48,6.5
29,play,4,8.1,6.93
29,interesting,4,6.78,5.1
29,pretty,4,7.7,5.5
29,mind,4,6.68,5
29,people,4,7.33,5.94
29,shine,4,7.27,5.19
29,love,4,8,5.36
29,life,4,7.27,6.02
29,gorgeous,4,7.57,4.92
29,spring,4,7.76,5.67
30,productive,4,7.37,4.6
30,pizza,4,6.65,5.24
30,me,4,8.06,5.97
30,cute,4,7.56,5.05
30,me,4,8.06,5.97
30,play,4,8.1,6.93
30,know,4,6.93,5.77
30,me,4,8.06,5.97
30,me,4,8.06,5.97
30,star,4,7.47,5.5
30,funny,4,8.56,7
30,perfect,4,7.19,4.71
30,happy,4,8.47,6.05
30,fun,4,8.37,6.32
30,jump,4,6.44,5.14
30,rhythm,4,6.42,5.14
30,happy,4,8.47,6.05
30,music,4,7.67,5.57
31,man,4,6.73,5.24
31,happy,4,8.47,6.05
31,enjoy,4,7.67,5
31,freedom,4,7.72,5.67
31,gorgeous,4,7.57,4.92
31,food,4,7.52,4.69
31,like,4,7.52,6.63
31,starlight,4,7.68,4.91
31,song,4,7.1,6.07
31,first,4,6.89,6.14
31,free,4,8.26,5.15
33,favorite,4,7.39,4.4
33,memories,4,7.48,6.1
33,loved,4,8.64,6.38
33,car,4,7.73,6.24
33,life,4,7.27,6.02
33,spring,4,7.76,5.67
33,green,4,6.29,4.07
33,green,4,6.29,4.07
33,know,4,6.93,5.77
33,play,4,8.1,6.93
33,like,4,7.52,6.63
33,people,4,7.33,5.94
33,know,4,6.93,5.77
33,me,4,8.06,5.97
34,like,4,7.52,6.63
34,gorgeous,4,7.57,4.92
35,know,4,6.93,5.77
35,movie,4,6.86,4.93
35,me,4,8.06,5.97
35,loved,4,8.64,6.38
35,love,4,8,5.36
36,win,4,8.38,7.72
36,pretty,4,7.7,5.5
37,gorgeous,4,7.57,4.92
37,happy,4,8.47,6.05
38,love,4,8,5.36
38,spring,4,7.76,5.67
38,happy,4,8.47,6.05
39,know,4,6.93,5.77
39,man,4,6.73,5.24
39,me,4,8.06,5.97
39,fly,4,7.29,6.64
39,girl,4,6.87,4.29
40,love,4,8,5.36
40,house,4,7.26,4.56
40,enjoy,4,7.67,5
40,wish,4,7.09,5.16
40,red,4,6.41,5.29
40,red,4,6.41,5.29
40,me,4,8.06,5.97
41,food,4,7.52,4.69
42,happy,4,8.47,6.05
43,me,4,8.06,5.97
43,like,4,7.52,6.63
43,beach,4,7.21,5.1
43,day,4,6.66,5
43,spring,4,7.76,5.67
43,girl,4,6.87,4.29
44,day,4,6.66,5
45,music,4,7.67,5.57
45,know,4,6.93,5.77
45,know,4,6.93,5.77
45,fly,4,7.29,6.64
45,garden,4,7.25,3.71
45,friend,4,6.79,4.29
46,perfect,4,7.19,4.71
47,idea,4,7,5.86
47,love,4,8,5.36
48,friend,4,6.79,4.29
48,pretty,4,7.7,5.5
48,sure,4,6.53,5
48,friend,4,6.79,4.29
48,pretty,4,7.7,5.5
50,wish,4,7.09,5.16
50,like,4,7.52,6.63
50,bright,4,7.5,5.4
50,wish,4,7.09,5.16
50,inspiration,4,6.53,4.77
50,fancy,4,7.43,5.42
50,movie,4,6.86,4.93
50,me,4,8.06,5.97
50,car,4,7.73,6.24
50,beautiful,4,7.61,5.71
51,beautiful,4,7.61,5.71
51,perfect,4,7.19,4.71
52,think,4,6.41,5.34
52,know,4,6.93,5.77
52,think,4,6.41,5.34
52,know,4,6.93,5.77
52,know,4,6.93,5.77
52,know,4,6.93,5.77
52,glad,4,7.55,3.71
52,know,4,6.93,5.77
52,sure,4,6.53,5
52,idea,4,7,5.86
52,like,4,7.52,6.63
52,love,4,8,5.36
53,think,4,6.41,5.34
53,happy,4,8.47,6.05
53,like,4,7.52,6.63
53,love,4,8,5.36
54,blessed,4,7.5,3.55
54,joy,4,8.21,5.55
54,love,4,8,5.36
54,friend,4,6.79,4.29
54,friend,4,6.79,4.29
55,idea,4,7,5.86
55,pretty,4,7.7,5.5
57,me,4,8.06,5.97
57,me,4,8.06,5.97
58,family,4,7.65,4.8
58,house,4,7.26,4.56
58,movie,4,6.86,4.93
59,love,4,8,5.36
59,funny,4,8.56,7
59,family,4,7.65,4.8
59,love,4,8,5.36
60,fun,4,8.37,6.32
62,costume,4,7.34,6
63,think,4,6.41,5.34
64,like,4,7.52,6.63
64,people,4,7.33,5.94
65,love,4,8,5.36
65,like,4,7.52,6.63
65,chef,4,7.26,5.67
65,healthy,4,7.76,4.19
65,healthy,4,7.76,4.19
65,love,4,8,5.36
65,music,4,7.67,5.57
66,first,4,6.89,6.14
66,song,4,7.1,6.07
66,love,4,8,5.36
66,music,4,7.67,5.57
66,church,4,5.21,3.63
66,me,4,8.06,5.97
66,day,4,6.66,5
66,me,4,8.06,5.97
66,people,4,7.33,5.94
66,friend,4,6.79,4.29
66,gorgeous,4,7.57,4.92
66,beauty,4,7.58,4.89
67,funny,4,8.56,7
67,day,4,6.66,5
67,breakfast,4,7.39,5
67,love,4,8,5.36
67,valentine,4,8.11,6.06
67,valentine,4,8.11,6.06
67,chocolate,4,7.63,5.14
67,love,4,8,5.36
70,beautiful,4,7.61,5.71
70,day,4,6.66,5
72,love,4,8,5.36
72,me,4,8.06,5.97
72,gold,4,7.28,6.35
72,power,4,6.54,6.67
72,me,4,8.06,5.97
73,head,4,6.63,5.7
73,special,4,7.5,3.48
73,friend,4,6.79,4.29
74,love,4,8,5.36
74,funny,4,8.56,7
74,family,4,7.65,4.8
74,happy,4,8.47,6.05
74,party,4,7.86,6.69
74,beautiful,4,7.61,5.71
74,friend,4,6.79,4.29
74,me,4,8.06,5.97
75,power,4,6.54,6.67
75,color,4,7.02,4.73
76,beautiful,4,7.61,5.71
76,dance,4,7.27,5.48
76,dance,4,7.27,5.48
76,beautiful,4,7.61,5.71
80,food,4,7.52,4.69
81,buddy,4,7.41,4.57
81,twilight,4,7.23,4.7
81,fun,4,8.37,6.32
81,happy,4,8.47,6.05
81,day,4,6.66,5
81,play,4,8.1,6.93
81,guitar,4,6.86,5.82
81,food,4,7.52,4.69
81,video,4,7.3,5.67
81,perfect,4,7.19,4.71
83,heart,4,7.39,6.34
84,like,4,7.52,6.63
84,christmas,4,7.8,6.27
85,house,4,7.26,4.56
86,song,4,7.1,6.07
86,house,4,7.26,4.56
86,me,4,8.06,5.97
86,movie,4,6.86,4.93
87,friend,4,6.79,4.29
87,me,4,8.06,5.97
87,like,4,7.52,6.63
87,car,4,7.73,6.24
88,day,4,6.66,5
89,people,4,7.33,5.94
89,music,4,7.67,5.57
89,beach,4,7.21,5.1
89,house,4,7.26,4.56
89,beach,4,7.21,5.1
89,house,4,7.26,4.56
89,popcorn,4,6.93,4.89
89,song,4,7.1,6.07
90,day,4,6.66,5
91,me,4,8.06,5.97
91,right,4,6.45,4.79
91,game,4,6.98,5.89
91,people,4,7.33,5.94
91,think,4,6.41,5.34
92,music,4,7.67,5.57
92,day,4,6.66,5
92,day,4,6.66,5
93,christmas,4,7.8,6.27
94,home,4,7.91,4.21
94,song,4,7.1,6.07
94,life,4,7.27,6.02
94,free,4,8.26,5.15
94,like,4,7.52,6.63
95,perfect,4,7.19,4.71
95,man,4,6.73,5.24
95,movie,4,6.86,4.93
95,friend,4,6.79,4.29
95,love,4,8,5.36
95,video,4,7.3,5.67
95,first,4,6.89,6.14
96,me,4,8.06,5.97
96,fireworks,4,7.55,6.67
96,baby,4,6.67,4.97
96,love,4,8,5.36
96,right,4,6.45,4.79
96,christmas,4,7.8,6.27
96,me,4,8.06,5.97
96,right,4,6.45,4.79
96,me,4,8.06,5.97
96,man,4,6.73,5.24
96,like,4,7.52,6.63
96,know,4,6.93,5.77
96,happy,4,8.47,6.05
97,honey,4,7.27,4.38
98,food,4,7.52,4.69
98,restaurant,4,6.76,5.41
98,right,4,6.45,4.79
98,life,4,7.27,6.02
98,complete,4,8.17,5.75
98,food,4,7.52,4.69
98,day,4,6.66,5
98,give,4,7.13,5.33
98,me,4,8.06,5.97
98,dog,4,7.57,5.76
98,friend,4,6.79,4.29
98,family,4,7.65,4.8
98,holiday,4,7.18,4.93
98,me,4,8.06,5.97
98,fun,4,8.37,6.32
98,grow,4,6.28,2.6
99,love,4,8,5.36
99,me,4,8.06,5.97
99,home,4,7.91,4.21
99,girl,4,6.87,4.29
99,talent,4,6.3,5.6
99,success,4,7.49,5.8
100,glad,4,7.55,3.71
100,dog,4,7.57,5.76
100,me,4,8.06,5.97
100,music,4,7.67,5.57
100,me,4,8.06,5.97
100,wedding,4,7.82,5.97
100,snow,4,7.08,5.75
100,christmas,4,7.8,6.27
100,love,4,8,5.36
100,friend,4,6.79,4.29
101,love,4,8,5.36
101,me,4,8.06,5.97
101,first,4,6.89,6.14
101,christmas,4,7.8,6.27
101,christmas,4,7.8,6.27
101,me,4,8.06,5.97
101,home,4,7.91,4.21
102,right,4,6.45,4.79
102,fruit,4,6.93,4.63
102,food,4,7.52,4.69
102,love,4,8,5.36
103,alive,4,6.57,5.93
103,christmas,4,7.8,6.27
103,right,4,6.45,4.79
103,know,4,6.93,5.77
103,favorite,4,7.39,4.4
103,christmas,4,7.8,6.27
103,music,4,7.67,5.57
103,head,4,6.63,5.7
104,first,4,6.89,6.14
104,sing,4,7.5,4.1
104,funny,4,8.56,7
104,lunch,4,7.21,5.43
104,glad,4,7.55,3.71
104,happy,4,8.47,6.05
104,love,4,8,5.36
104,music,4,7.67,5.57
104,right,4,6.45,4.79
104,like,4,7.52,6.63
104,favorite,4,7.39,4.4
104,know,4,6.93,5.77
104,know,4,6.93,5.77
104,glitter,4,6.15,4.86
106,baby,4,6.67,4.97
106,baby,4,6.67,4.97
107,car,4,7.73,6.24
107,heart,4,7.39,6.34
107,pretty,4,7.7,5.5
107,movie,4,6.86,4.93
108,christmas,4,7.8,6.27
108,love,4,8,5.36
109,midnight,4,7.18,6.5
110,garden,4,7.25,3.71
110,friend,4,6.79,4.29
111,wish,4,7.09,5.16
112,know,4,6.93,5.77
112,day,4,6.66,5
112,friend,4,6.79,4.29
113,life,4,7.27,6.02
113,free,4,8.26,5.15
113,christmas,4,7.8,6.27
114,day,4,6.66,5
114,love,4,8,5.36
114,christmas,4,7.8,6.27
114,happy,4,8.47,6.05
115,know,4,6.93,5.77
115,bed,4,7.51,3.61
115,head,4,6.63,5.7
115,love,4,8,5.36
115,like,4,7.52,6.63
115,me,4,8.06,5.97
116,music,4,7.67,5.57
116,favorite,4,7.39,4.4
116,artist,4,6.59,4.94
116,photo,4,6.77,5.63
116,gorgeous,4,7.57,4.92
118,pretty,4,7.7,5.5
119,video,4,7.3,5.67
119,happy,4,8.47,6.05
120,wise,4,7.42,4.46
120,joy,4,8.21,5.55
120,me,4,8.06,5.97
120,house,4,7.26,4.56
120,right,4,6.45,4.79
121,watermelon,4,6.52,5.18
121,sure,4,6.53,5
122,people,4,7.33,5.94
122,know,4,6.93,5.77
122,like,4,7.52,6.63
123,food,4,7.52,4.69
124,love,4,8,5.36
124,sister,4,7.46,5.43
124,know,4,6.93,5.77
124,friend,4,6.79,4.29
124,love,4,8,5.36
124,love,4,8,5.36
124,friend,4,6.79,4.29
124,like,4,7.52,6.63
124,me,4,8.06,5.97
124,know,4,6.93,5.77
124,idea,4,7,5.86
125,christmas,4,7.8,6.27
126,day,4,6.66,5
126,song,4,7.1,6.07
126,like,4,7.52,6.63
126,right,4,6.45,4.79
126,pretty,4,7.7,5.5
126,right,4,6.45,4.79
126,friend,4,6.79,4.29
126,know,4,6.93,5.77
126,loved,4,8.64,6.38
126,pizza,4,6.65,5.24
126,safe,4,7.7,3.14
127,funny,4,8.56,7
127,people,4,7.33,5.94
127,life,4,7.27,6.02
127,right,4,6.45,4.79
127,frosting,4,7.23,5.47
127,food,4,7.52,4.69
127,bed,4,7.51,3.61
128,house,4,7.26,4.56
128,like,4,7.52,6.63
128,love,4,8,5.36
128,friend,4,6.79,4.29
128,happy,4,8.47,6.05
128,thanksgiving,4,6.79,4.95
128,love,4,8,5.36
128,thanksgiving,4,6.79,4.95
129,turkey,4,6.48,5.04
130,me,4,8.06,5.97
130,day,4,6.66,5
130,know,4,6.93,5.77
130,friend,4,6.79,4.29
130,like,4,7.52,6.63
130,like,4,7.52,6.63
130,thanksgiving,4,6.79,4.95
130,day,4,6.66,5
130,know,4,6.93,5.77
130,know,4,6.93,5.77
130,love,4,8,5.36
130,day,4,6.66,5
130,day,4,6.66,5
131,me,4,8.06,5.97
131,love,4,8,5.36
131,know,4,6.93,5.77
131,right,4,6.45,4.79
131,like,4,7.52,6.63
131,like,4,7.52,6.63
132,food,4,7.52,4.69
132,know,4,6.93,5.77
132,christmas,4,7.8,6.27
133,wish,4,7.09,5.16
133,wish,4,7.09,5.16
133,video,4,7.3,5.67
133,me,4,8.06,5.97
133,people,4,7.33,5.94
133,right,4,6.45,4.79
133,like,4,7.52,6.63
133,princess,4,7.64,5.42
134,right,4,6.45,4.79
134,fun,4,8.37,6.32
134,learn,4,6.85,4.8
134,day,4,6.66,5
135,give,4,7.13,5.33
135,care,4,7.53,6.03
135,high,4,6.62,5.56
135,day,4,6.66,5
135,day,4,6.66,5
135,me,4,8.06,5.97
135,entertaining,4,8,5.28
135,me,4,8.06,5.97
135,health,4,6.81,5.13
136,know,4,6.93,5.77
136,home,4,7.91,4.21
136,rainbow,4,8.14,4.64
136,friend,4,6.79,4.29
137,special,4,7.5,3.48
137,like,4,7.52,6.63
137,passion,4,7.53,6.08
139,sing,4,7.5,4.1
140,like,4,7.52,6.63
140,know,4,6.93,5.77
140,happy,4,8.47,6.05
141,me,4,8.06,5.97
141,gorgeous,4,7.57,4.92
141,christmas,4,7.8,6.27
142,girl,4,6.87,4.29
142,day,4,6.66,5
142,first,4,6.89,6.14
142,day,4,6.66,5
142,love,4,8,5.36
142,love,4,8,5.36
142,food,4,7.52,4.69
143,life,4,7.27,6.02
143,happy,4,8.47,6.05
143,love,4,8,5.36
144,movie,4,6.86,4.93
145,beautiful,4,7.61,5.71
145,people,4,7.33,5.94
145,love,4,8,5.36
146,music,4,7.67,5.57
146,happy,4,8.47,6.05
147,christmas,4,7.8,6.27
147,me,4,8.06,5.97
147,turtle,4,6.78,4.85
147,song,4,7.1,6.07
147,head,4,6.63,5.7
147,friend,4,6.79,4.29
147,life,4,7.27,6.02
147,song,4,7.1,6.07
148,house,4,7.26,4.56
150,like,4,7.52,6.63
150,know,4,6.93,5.77
151,right,4,6.45,4.79
151,me,4,8.06,5.97
151,funny,4,8.56,7
151,like,4,7.52,6.63
151,me,4,8.06,5.97
151,photo,4,6.77,5.63
151,right,4,6.45,4.79
151,football,4,6.52,5.65
151,proud,4,7,5.55
151,win,4,8.38,7.72
152,happy,4,8.47,6.05
152,me,4,8.06,5.97
152,gorgeous,4,7.57,4.92
152,glad,4,7.55,3.71
152,helpful,4,7.43,3.88
153,first,4,6.89,6.14
153,think,4,6.41,5.34
153,pretty,4,7.7,5.5
153,me,4,8.06,5.97
155,christmas,4,7.8,6.27
155,love,4,8,5.36
155,like,4,7.52,6.63
155,day,4,6.66,5
155,funny,4,8.56,7
155,like,4,7.52,6.63
155,dreams,4,7.14,6.48
155,love,4,8,5.36
156,loving,4,8.28,6.21
156,red,4,6.41,5.29
156,people,4,7.33,5.94
156,friend,4,6.79,4.29
156,me,4,8.06,5.97
157,me,4,8.06,5.97
157,kind,4,7.78,3.19
157,wish,4,7.09,5.16
158,day,4,6.66,5
158,imagine,4,7.32,5.98
159,love,4,8,5.36
159,think,4,6.41,5.34
159,people,4,7.33,5.94
159,funny,4,8.56,7
159,people,4,7.33,5.94
159,energy,4,7.23,6.9
161,pride,4,6.5,5.54
161,love,4,8,5.36
161,win,4,8.38,7.72
161,give,4,7.13,5.33
161,me,4,8.06,5.97
161,pretty,4,7.7,5.5
161,first,4,6.89,6.14
161,loved,4,8.64,6.38
161,dance,4,7.27,5.48
161,style,4,6.82,5.36
161,music,4,7.67,5.57
162,family,4,7.65,4.8
162,me,4,8.06,5.97
163,house,4,7.26,4.56
163,cure,4,8.18,6.57
163,day,4,6.66,5
163,kid,4,6.42,5.35
163,day,4,6.66,5
163,learn,4,6.85,4.8
163,dance,4,7.27,5.48
163,learn,4,6.85,4.8
163,day,4,6.66,5
164,gorgeous,4,7.57,4.92
164,know,4,6.93,5.77
164,like,4,7.52,6.63
164,me,4,8.06,5.97
164,gorgeous,4,7.57,4.92
164,bed,4,7.51,3.61
164,like,4,7.52,6.63
164,fun,4,8.37,6.32
164,me,4,8.06,5.97
164,love,4,8,5.36
164,know,4,6.93,5.77
164,love,4,8,5.36
164,sure,4,6.53,5
164,car,4,7.73,6.24
164,fun,4,8.37,6.32
164,day,4,6.66,5
164,know,4,6.93,5.77
164,me,4,8.06,5.97
164,food,4,7.52,4.69
164,day,4,6.66,5
164,food,4,7.52,4.69
164,me,4,8.06,5.97
164,right,4,6.45,4.79
164,like,4,7.52,6.63
164,like,4,7.52,6.63
164,girl,4,6.87,4.29
164,loved,4,8.64,6.38
164,me,4,8.06,5.97
164,me,4,8.06,5.97
165,red,4,6.41,5.29
165,song,4,7.1,6.07
165,house,4,7.26,4.56
165,like,4,7.52,6.63
165,love,4,8,5.36
165,day,4,6.66,5
166,food,4,7.52,4.69
166,like,4,7.52,6.63
168,know,4,6.93,5.77
168,play,4,8.1,6.93
169,life,4,7.27,6.02
169,love,4,8,5.36
169,love,4,8,5.36
169,love,4,8,5.36
169,love,4,8,5.36
169,me,4,8.06,5.97
169,me,4,8.06,5.97
170,like,4,7.52,6.63
170,love,4,8,5.36
170,love,4,8,5.36
170,love,4,8,5.36
170,me,4,8.06,5.97
171,day,4,6.66,5
171,life,4,7.27,6.02
171,baby,4,6.67,4.97
171,song,4,7.1,6.07
172,like,4,7.52,6.63
172,movie,4,6.86,4.93
172,love,4,8,5.36
172,love,4,8,5.36
172,mother,4,7.53,4.73
172,heart,4,7.39,6.34
172,friend,4,6.79,4.29
173,song,4,7.1,6.07
173,music,4,7.67,5.57
173,video,4,7.3,5.67
173,perfect,4,7.19,4.71
173,video,4,7.3,5.67
173,movie,4,6.86,4.93
174,me,4,8.06,5.97
174,friend,4,6.79,4.29
174,friend,4,6.79,4.29
174,love,4,8,5.36
175,loving,4,8.28,6.21
175,heart,4,7.39,6.34
175,think,4,6.41,5.34
175,love,4,8,5.36
175,treasure,4,7.65,6.3
175,me,4,8.06,5.97
175,love,4,8,5.36
175,love,4,8,5.36
175,car,4,7.73,6.24
175,love,4,8,5.36
176,love,4,8,5.36
176,day,4,6.66,5
177,love,4,8,5.36
177,like,4,7.52,6.63
177,care,4,7.53,6.03
178,me,4,8.06,5.97
178,love,4,8,5.36
178,music,4,7.67,5.57
178,music,4,7.67,5.57
178,happy,4,8.47,6.05
178,day,4,6.66,5
178,me,4,8.06,5.97
178,perfect,4,7.19,4.71
178,me,4,8.06,5.97
178,give,4,7.13,5.33
178,heart,4,7.39,6.34
178,fun,4,8.37,6.32
178,proud,4,7,5.55
178,special,4,7.5,3.48
178,day,4,6.66,5
178,enjoy,4,7.67,5
179,song,4,7.1,6.07
179,house,4,7.26,4.56
179,love,4,8,5.36
179,day,4,6.66,5
180,fun,4,8.37,6.32
180,gorgeous,4,7.57,4.92
180,like,4,7.52,6.63
180,me,4,8.06,5.97
180,love,4,8,5.36
180,fun,4,8.37,6.32
180,mother,4,7.53,4.73
180,happy,4,8.47,6.05
180,love,4,8,5.36
180,first,4,6.89,6.14
180,man,4,6.73,5.24
180,first,4,6.89,6.14
180,man,4,6.73,5.24
180,video,4,7.3,5.67
180,idea,4,7,5.86
180,love,4,8,5.36
180,love,4,8,5.36
180,concert,4,7.66,7.32
180,idea,4,7,5.86
180,like,4,7.52,6.63
180,mind,4,6.68,5
181,like,4,7.52,6.63
181,people,4,7.33,5.94
181,green,4,6.29,4.07
181,power,4,6.54,6.67
181,life,4,7.27,6.02
181,like,4,7.52,6.63
181,party,4,7.86,6.69
181,me,4,8.06,5.97
181,like,4,7.52,6.63
181,me,4,8.06,5.97
181,happy,4,8.47,6.05
181,think,4,6.41,5.34
181,like,4,7.52,6.63
181,play,4,8.1,6.93
181,music,4,7.67,5.57
181,video,4,7.3,5.67
181,day,4,6.66,5
181,beach,4,7.21,5.1
181,sunglasses,4,6.47,4.9
181,like,4,7.52,6.63
181,mind,4,6.68,5
181,video,4,7.3,5.67
181,love,4,8,5.36
181,garden,4,7.25,3.71
181,love,4,8,5.36
181,life,4,7.27,6.02
182,right,4,6.45,4.79
182,happy,4,8.47,6.05
182,love,4,8,5.36
183,girl,4,6.87,4.29
183,honey,4,7.27,4.38
183,me,4,8.06,5.97
183,day,4,6.66,5
185,shining,4,5.84,3.89
185,bright,4,7.5,5.4
185,rest,4,7.86,2.29
186,pretty,4,7.7,5.5
188,family,4,7.65,4.8
188,special,4,7.5,3.48
188,friend,4,6.79,4.29
188,home,4,7.91,4.21
188,love,4,8,5.36
188,girl,4,6.87,4.29
188,love,4,8,5.36
188,love,4,8,5.36
189,family,4,7.65,4.8
189,know,4,6.93,5.77
189,love,4,8,5.36
190,happy,4,8.47,6.05
190,enjoy,4,7.67,5
190,like,4,7.52,6.63
190,me,4,8.06,5.97
190,day,4,6.66,5
190,love,4,8,5.36
190,day,4,6.66,5
190,bed,4,7.51,3.61
190,like,4,7.52,6.63
190,movie,4,6.86,4.93
190,dreams,4,7.14,6.48
191,me,4,8.06,5.97
191,home,4,7.91,4.21
191,bed,4,7.51,3.61
191,rest,4,7.86,2.29
191,day,4,6.66,5
191,pretty,4,7.7,5.5
191,music,4,7.67,5.57
191,love,4,8,5.36
191,day,4,6.66,5
191,know,4,6.93,5.77
191,right,4,6.45,4.79
191,agree,4,7.17,3.62
191,happy,4,8.47,6.05
192,red,4,6.41,5.29
193,loved,4,8.64,6.38
193,perfect,4,7.19,4.71
193,song,4,7.1,6.07
193,man,4,6.73,5.24
193,idea,4,7,5.86
193,think,4,6.41,5.34
193,like,4,7.52,6.63
193,me,4,8.06,5.97
193,proud,4,7,5.55
193,song,4,7.1,6.07
193,gold,4,7.28,6.35
194,love,4,8,5.36
194,right,4,6.45,4.79
194,me,4,8.06,5.97
194,song,4,7.1,6.07
194,heart,4,7.39,6.34
194,me,4,8.06,5.97
194,people,4,7.33,5.94
194,joke,4,7.88,5.73
194,day,4,6.66,5
194,gold,4,7.28,6.35
194,happy,4,8.47,6.05
194,purr,4,6.43,3.84
194,purr,4,6.43,3.84
194,purr,4,6.43,3.84
194,movie,4,6.86,4.93
195,lunch,4,7.21,5.43
195,lunch,4,7.21,5.43
196,watermelon,4,6.52,5.18
196,energy,4,7.23,6.9
196,song,4,7.1,6.07
196,day,4,6.66,5
196,day,4,6.66,5
196,day,4,6.66,5
196,house,4,7.26,4.56
196,love,4,8,5.36
196,glad,4,7.55,3.71
197,love,4,8,5.36
197,right,4,6.45,4.79
197,wish,4,7.09,5.16
197,heart,4,7.39,6.34
197,gold,4,7.28,6.35
197,day,4,6.66,5
197,beautiful,4,7.61,5.71
197,play,4,8.1,6.93
197,game,4,6.98,5.89
198,think,4,6.41,5.34
198,me,4,8.06,5.97
198,know,4,6.93,5.77
198,like,4,7.52,6.63
198,home,4,7.91,4.21
198,family,4,7.65,4.8
198,video,4,7.3,5.67
198,dance,4,7.27,5.48
198,music,4,7.67,5.57
198,video,4,7.3,5.67
198,artist,4,6.59,4.94
0,tired,5,4.29,3.67
1,class,5,4.37,3.93
1,old,5,3.31,3.5
1,memorial,5,4.68,4.87
2,old,5,3.31,3.5
2,cry,5,3.22,5.45
6,old,5,3.31,3.5
12,forget,5,3.73,4.43
13,fall,5,3.89,4.24
14,class,5,4.37,3.93
16,work,5,3.96,5.11
16,excuse,5,4.52,3.61
17,period,5,3.8,4.3
17,forget,5,3.73,4.43
17,class,5,4.37,3.93
17,short,5,4.64,3.75
18,sorry,5,3.62,5.11
22,defeated,5,2.59,4.73
23,awkward,5,3.2,5.7
33,class,5,4.37,3.93
35,class,5,4.37,3.93
40,sorry,5,3.62,5.11
48,addiction,5,3.52,4.48
50,fault,5,3.53,4.02
64,wrong,5,3.24,5.29
66,old,5,3.31,3.5
66,rainy,5,5.55,4.33
74,sorry,5,3.62,5.11
83,bottom,5,3.61,3.19
86,wrong,5,3.24,5.29
89,tired,5,4.29,3.67
89,tired,5,4.29,3.67
90,tired,5,4.29,3.67
91,pointless,5,3.22,4.26
94,factory,5,4.59,3.93
94,blue,5,6.53,3.69
95,cold,5,4.32,3.55
98,wrong,5,3.24,5.29
98,regret,5,3.41,4.9
100,tired,5,4.29,3.67
102,tired,5,4.29,3.67
103,corner,5,4.36,3.91
111,tired,5,4.29,3.67
115,lost,5,2.53,5.11
124,short,5,4.64,3.75
124,lone,5,3.75,3.84
126,work,5,3.96,5.11
127,fall,5,3.89,4.24
129,fault,5,3.53,4.02
130,sorry,5,3.62,5.11
130,sigh,5,4.15,2.78
131,rainy,5,5.55,4.33
132,tired,5,4.29,3.67
133,class,5,4.37,3.93
134,fall,5,3.89,4.24
134,class,5,4.37,3.93
134,rainy,5,5.55,4.33
136,lost,5,2.53,5.11
140,sorry,5,3.62,5.11
142,fall,5,3.89,4.24
146,tired,5,4.29,3.67
148,cold,5,4.32,3.55
153,fall,5,3.89,4.24
153,class,5,4.37,3.93
155,blur,5,4.45,3.88
155,forget,5,3.73,4.43
159,awkward,5,3.2,5.7
161,quit,5,3.72,4.05
164,cast,5,4.46,4.5
164,class,5,4.37,3.93
164,class,5,4.37,3.93
176,awkward,5,3.2,5.7
176,awkward,5,3.2,5.7
181,blue,5,6.53,3.69
183,black,5,5.4,3.58
190,wrong,5,3.24,5.29
190,addiction,5,3.52,4.48
194,fur,5,4.51,4.18
196,rainy,5,5.55,4.33
198,sorry,5,3.62,5.11
198,corner,5,4.36,3.91
0,birthday,6,6.37,4.6
0,gift,6,7.27,4.64
0,blast,6,4.45,4.5
0,birthday,6,6.37,4.6
0,gift,6,7.27,4.64
0,want,6,5.25,6
0,want,6,5.25,6
0,lovely,6,7.55,3.95
1,good,6,7.89,3.66
1,want,6,5.25,6
1,vote,6,5.24,5.05
1,laugh,6,7.56,6.62
1,sun,6,6.92,4.64
1,excited,6,8.11,6.43
1,night,6,6.06,5.94
1,want,6,5.25,6
1,preach,6,5.41,5.89
2,good,6,7.89,3.66
2,huge,6,5.39,5.75
2,huge,6,5.39,5.75
2,chance,6,6.05,4.3
2,deal,6,6.14,3.9
3,excited,6,8.11,6.43
3,lucky,6,7.32,5.3
3,divorce,6,2.49,5.39
4,excited,6,8.11,6.43
4,unpredictable,6,4.52,4.8
4,body,6,5.55,5.52
4,excited,6,8.11,6.43
4,lovely,6,7.55,3.95
5,kiss,6,7.78,6.05
6,want,6,5.25,6
6,night,6,6.06,5.94
6,drunk,6,6.17,6.11
7,galaxy,6,6.21,5.96
8,huge,6,5.39,5.75
9,excited,6,8.11,6.43
10,leave,6,4.68,4.48
10,want,6,5.25,6
10,excited,6,8.11,6.43
10,surprised,6,6.57,5.95
10,surprise,6,7.44,6.57
10,sun,6,6.92,4.64
12,sun,6,6.92,4.64
13,clown,6,5.36,4.94
14,good,6,7.89,3.66
15,good,6,7.89,3.66
15,trip,6,7,5.33
15,art,6,6.85,4.48
15,good,6,7.89,3.66
15,good,6,7.89,3.66
15,luck,6,6.73,4.57
16,feeling,6,6.5,3.86
16,want,6,5.25,6
17,wonderful,6,7.41,4.57
18,birthday,6,6.37,4.6
19,body,6,5.55,5.52
20,wonderful,6,7.41,4.57
20,trip,6,7,5.33
21,gift,6,7.27,4.64
21,lose,6,3.59,5.43
21,want,6,5.25,6
21,lucky,6,7.32,5.3
21,leave,6,4.68,4.48
21,good,6,7.89,3.66
21,alarm,6,3.86,6.85
21,good,6,7.89,3.66
22,death,6,1.89,5.53
22,want,6,5.25,6
23,birthday,6,6.37,4.6
23,birthday,6,6.37,4.6
23,splash,6,6.53,4.8
23,want,6,5.25,6
26,birthday,6,6.37,4.6
26,sunny,6,7.95,5.38
28,huge,6,5.39,5.75
28,night,6,6.06,5.94
28,hope,6,7.48,5.29
28,good,6,7.89,3.66
28,plane,6,6.43,6.14
29,want,6,5.25,6
29,guess,6,5.18,3.86
30,quote,6,5.85,2.95
30,surprised,6,6.57,5.95
30,good,6,7.89,3.66
30,birthday,6,6.37,4.6
30,birthday,6,6.37,4.6
31,want,6,5.25,6
31,smile,6,7.89,4.62
31,award,6,7.86,5.85
31,musical,6,7.68,5.63
32,tree,6,7.59,2.67
33,break,6,5.1,4.71
35,good,6,7.89,3.66
35,pop,6,6.05,4.45
35,hilarious,6,7.8,6.11
36,shopping,6,6.48,5.79
38,hope,6,7.48,5.29
38,birthday,6,6.37,4.6
40,hope,6,7.48,5.29
40,wonderful,6,7.41,4.57
41,loud,6,4.77,6.1
41,want,6,5.25,6
43,lovely,6,7.55,3.95
43,night,6,6.06,5.94
43,lightning,6,5.34,6.75
43,good,6,7.89,3.66
43,hope,6,7.48,5.29
44,hope,6,7.48,5.29
44,good,6,7.89,3.66
44,flight,6,6.69,6.25
45,plane,6,6.43,6.14
45,stealth,6,5.45,4.22
47,kiss,6,7.78,6.05
50,feeling,6,6.5,3.86
50,birthday,6,6.37,4.6
50,birthday,6,6.37,4.6
52,good,6,7.89,3.66
52,feeling,6,6.5,3.86
52,good,6,7.89,3.66
55,good,6,7.89,3.66
55,hope,6,7.48,5.29
55,good,6,7.89,3.66
56,vote,6,5.24,5.05
57,hope,6,7.48,5.29
59,young,6,6.31,4.09
61,dawn,6,6.74,3.1
62,night,6,6.06,5.94
62,hilarious,6,7.8,6.11
64,good,6,7.89,3.66
66,good,6,7.89,3.66
66,lucky,6,7.32,5.3
67,ticket,6,5.46,5.79
67,sweet,6,7.77,4.14
67,sweet,6,7.77,4.14
71,alarm,6,3.86,6.85
71,good,6,7.89,3.66
72,good,6,7.89,3.66
74,night,6,6.06,5.94
74,preach,6,5.41,5.89
75,excited,6,8.11,6.43
75,jet,6,6.29,5.89
75,plane,6,6.43,6.14
78,good,6,7.89,3.66
78,luck,6,6.73,4.57
78,luck,6,6.73,4.57
81,good,6,7.89,3.66
81,luck,6,6.73,4.57
81,want,6,5.25,6
81,award,6,7.86,5.85
84,excited,6,8.11,6.43
84,good,6,7.89,3.66
84,luck,6,6.73,4.57
85,want,6,5.25,6
85,want,6,5.25,6
85,gift,6,7.27,4.64
85,want,6,5.25,6
86,night,6,6.06,5.94
86,expect,6,5.95,4.86
86,want,6,5.25,6
87,want,6,5.25,6
87,good,6,7.89,3.66
87,hope,6,7.48,5.29
88,shopping,6,6.48,5.79
89,birthday,6,6.37,4.6
89,wild,6,5.94,5.9
89,blast,6,4.45,4.5
89,good,6,7.89,3.66
90,ticket,6,5.46,5.79
90,smile,6,7.89,4.62
92,perfection,6,6.59,5.55
95,good,6,7.89,3.66
95,kiss,6,7.78,6.05
95,hilarious,6,7.8,6.11
95,feeling,6,6.5,3.86
95,good,6,7.89,3.66
96,gift,6,7.27,4.64
96,flight,6,6.69,6.25
98,shopping,6,6.48,5.79
98,good,6,7.89,3.66
98,hope,6,7.48,5.29
98,good,6,7.89,3.66
99,good,6,7.89,3.66
100,leave,6,4.68,4.48
100,loud,6,4.77,6.1
101,birthday,6,6.37,4.6
102,chance,6,6.05,4.3
103,excited,6,8.11,6.43
103,present,6,6.85,4.82
104,tree,6,7.59,2.67
104,birthday,6,6.37,4.6
104,hope,6,7.48,5.29
104,smile,6,7.89,4.62
107,loud,6,4.77,6.1
112,want,6,5.25,6
112,hope,6,7.48,5.29
113,break,6,5.1,4.71
114,shopping,6,6.48,5.79
115,want,6,5.25,6
115,want,6,5.25,6
115,good,6,7.89,3.66
115,luck,6,6.73,4.57
119,good,6,7.89,3.66
119,luck,6,6.73,4.57
119,hope,6,7.48,5.29
121,huge,6,5.39,5.75
122,vote,6,5.24,5.05
124,smile,6,7.89,4.62
126,smile,6,7.89,4.62
126,hilarious,6,7.8,6.11
126,night,6,6.06,5.94
127,hilarious,6,7.8,6.11
129,ass,6,5.45,5.43
130,hope,6,7.48,5.29
130,feeling,6,6.5,3.86
130,break,6,5.1,4.71
130,good,6,7.89,3.66
130,break,6,5.1,4.71
130,lovely,6,7.55,3.95
130,want,6,5.25,6
133,dawn,6,6.74,3.1
135,want,6,5.25,6
136,night,6,6.06,5.94
140,night,6,6.06,5.94
141,perfection,6,6.59,5.55
141,tree,6,7.59,2.67
143,birthday,6,6.37,4.6
146,birthday,6,6.37,4.6
150,lucky,6,7.32,5.3
151,lovely,6,7.55,3.95
152,birthday,6,6.37,4.6
155,birthday,6,6.37,4.6
155,hope,6,7.48,5.29
155,hope,6,7.48,5.29
155,good,6,7.89,3.66
161,night,6,6.06,5.94
161,good,6,7.89,3.66
161,hilarious,6,7.8,6.11
162,intense,6,5.65,6.6
163,chance,6,6.05,4.3
163,romance,6,7.28,6.06
164,birthday,6,6.37,4.6
164,want,6,5.25,6
164,shopping,6,6.48,5.79
164,want,6,5.25,6
164,night,6,6.06,5.94
164,birthday,6,6.37,4.6
164,birthday,6,6.37,4.6
164,intense,6,5.65,6.6
166,player,6,5.55,5.95
166,gym,6,6.21,6.14
168,ass,6,5.45,5.43
169,hope,6,7.48,5.29
171,hope,6,7.48,5.29
172,good,6,7.89,3.66
172,perfection,6,6.59,5.55
173,cream,6,6.56,3.8
173,lucky,6,7.32,5.3
175,excited,6,8.11,6.43
175,death,6,1.89,5.53
178,birthday,6,6.37,4.6
178,hope,6,7.48,5.29
178,hope,6,7.48,5.29
180,good,6,7.89,3.66
180,vote,6,5.24,5.05
180,surprised,6,6.57,5.95
180,excited,6,8.11,6.43
180,excited,6,8.11,6.43
181,vote,6,5.24,5.05
181,wonderful,6,7.41,4.57
181,vote,6,5.24,5.05
181,sun,6,6.92,4.64
181,flight,6,6.69,6.25
181,good,6,7.89,3.66
181,luck,6,6.73,4.57
182,birthday,6,6.37,4.6
188,boyfriend,6,5.74,5.73
190,birthday,6,6.37,4.6
190,hope,6,7.48,5.29
190,night,6,6.06,5.94
190,drunk,6,6.17,6.11
190,night,6,6.06,5.94
190,smile,6,7.89,4.62
191,vote,6,5.24,5.05
191,night,6,6.06,5.94
191,birthday,6,6.37,4.6
192,feeling,6,6.5,3.86
192,feeling,6,6.5,3.86
192,weight,6,3.91,4.05
192,excited,6,8.11,6.43
192,night,6,6.06,5.94
193,excited,6,8.11,6.43
193,luck,6,6.73,4.57
193,good,6,7.89,3.66
193,luck,6,6.73,4.57
193,good,6,7.89,3.66
193,luck,6,6.73,4.57
194,good,6,7.89,3.66
194,want,6,5.25,6
194,night,6,6.06,5.94
194,good,6,7.89,3.66
194,sun,6,6.92,4.64
195,good,6,7.89,3.66
196,hope,6,7.48,5.29
196,good,6,7.89,3.66
196,lovely,6,7.55,3.95
197,excited,6,8.11,6.43
197,bang,6,5.1,6.09
197,birthday,6,6.37,4.6
198,want,6,5.25,6
0,series,7,5.23,3.62
0,flower,7,6.64,4
0,ice,7,5.92,4.67
0,nice,7,6.55,4.38
0,fan,7,6.36,4.89
0,sheep,7,6.44,3.78
0,brother,7,6.18,4.48
0,pool,7,6.78,3.65
1,face,7,6.39,5.04
1,thing,7,4.83,4.17
1,cup,7,5.44,3.7
1,school,7,5.41,4.57
1,calm,7,6.89,1.67
1,school,7,5.41,4.57
1,pool,7,6.78,3.65
1,flow,7,5.68,3.71
1,pool,7,6.78,3.65
1,school,7,5.41,4.57
1,sleep,7,7.2,2.8
1,brother,7,6.18,4.48
1,year,7,5.41,4.22
1,country,7,5.93,5.26
1,country,7,5.93,5.26
1,thing,7,4.83,4.17
1,planet,7,5.69,4.34
2,pool,7,6.78,3.65
2,fan,7,6.36,4.89
2,fact,7,6.23,3.29
2,fan,7,6.36,4.89
2,hair,7,5.56,4.48
2,cover,7,5.59,3.76
2,real,7,7.09,4.05
2,mask,7,5.23,4.58
3,mood,7,5.6,4.73
3,person,7,6.32,4.19
3,option,7,6.37,3.19
4,father,7,6.88,3.68
4,school,7,5.41,4.57
4,school,7,5.41,4.57
5,fact,7,6.23,3.29
5,thing,7,4.83,4.17
5,cover,7,5.59,3.76
5,rain,7,5.08,3.65
5,truck,7,5.16,3.76
6,country,7,5.93,5.26
6,eye,7,5.86,4.52
6,knee,7,5.03,4.4
6,worth,7,6.15,4.62
7,hand,7,5.95,4.4
7,hand,7,5.95,4.4
7,face,7,6.39,5.04
7,face,7,6.39,5.04
8,academy,7,5.32,3.77
8,table,7,5.22,2.92
9,person,7,6.32,4.19
10,face,7,6.39,5.04
10,sleep,7,7.2,2.8
10,thing,7,4.83,4.17
10,pool,7,6.78,3.65
10,sleep,7,7.2,2.8
10,thing,7,4.83,4.17
11,moon,7,6.74,4.6
12,pool,7,6.78,3.65
13,famous,7,5.89,4.2
13,sleep,7,7.2,2.8
15,rain,7,5.08,3.65
15,medicine,7,5.67,4.4
15,apple,7,6.41,4.17
15,reason,7,6.27,3.33
16,thing,7,4.83,4.17
16,clay,7,5.33,3.83
16,teacher,7,7.37,2.9
16,king,7,6,4.45
16,rain,7,5.08,3.65
16,brother,7,6.18,4.48
16,hand,7,5.95,4.4
16,feet,7,4.6,3.67
17,pool,7,6.78,3.65
17,fact,7,6.23,3.29
17,fact,7,6.23,3.29
17,explain,7,5.41,4
17,worth,7,6.15,4.62
17,cool,7,6.82,3.43
17,sleep,7,7.2,2.8
17,practice,7,5.72,2.5
17,part,7,5.11,3.82
17,hair,7,5.56,4.48
17,hair,7,5.56,4.48
17,clouds,7,6.18,3.3
17,sky,7,7.32,2.74
17,puddle,7,5.07,4.14
17,brother,7,6.18,4.48
17,week,7,5.35,4.38
17,show,7,5.91,4.1
18,fact,7,6.23,3.29
18,full,7,6,3.48
18,study,7,5.78,2.55
18,closet,7,5.21,4.57
18,hair,7,5.56,4.48
18,fact,7,6.23,3.29
20,computer,7,6.24,4.75
20,makeup,7,5.64,4.48
21,vacancy,7,5.05,3.68
21,real,7,7.09,4.05
21,calm,7,6.89,1.67
21,moon,7,6.74,4.6
21,sky,7,7.32,2.74
22,question,7,6.36,3.67
22,ceiling,7,5.45,4.04
22,father,7,6.88,3.68
23,moment,7,5.76,3.83
23,haven,7,6.36,2.9
23,golf,7,4.83,3.9
23,puddle,7,5.07,4.14
23,golf,7,4.83,3.9
23,fish,7,6.04,4
25,book,7,5.72,4.17
25,cup,7,5.44,3.7
28,show,7,5.91,4.1
28,tea,7,5.87,4.13
28,pull,7,5.59,4.1
28,moment,7,5.76,3.83
29,professional,7,6.29,4.4
30,nice,7,6.55,4.38
30,advice,7,5.78,3.05
32,dress,7,6.41,4.05
32,shoes,7,6.19,4.52
33,status,7,4.89,3.83
33,crew,7,5.83,3.38
33,explain,7,5.41,4
33,card,7,5.61,4.43
33,card,7,5.61,4.43
33,name,7,5.55,4.25
33,fact,7,6.23,3.29
33,teacher,7,7.37,2.9
34,dream,7,6.73,4.53
35,egg,7,5.29,3.76
35,tissue,7,4.93,3.63
36,moon,7,6.74,4.6
37,brother,7,6.18,4.48
40,haven,7,6.36,2.9
40,show,7,5.91,4.1
40,wine,7,5.95,4.78
42,school,7,5.41,4.57
43,face,7,6.39,5.04
45,dinner,7,6.4,3.85
47,cool,7,6.82,3.43
48,show,7,5.91,4.1
49,violin,7,5.43,3.49
50,fairy,7,6.24,4.25
50,tale,7,5.95,3.09
52,worth,7,6.15,4.62
52,thing,7,4.83,4.17
53,rain,7,5.08,3.65
54,dusk,7,5.4,4.37
54,golf,7,4.83,3.9
54,dusk,7,5.4,4.37
54,clouds,7,6.18,3.3
55,ice,7,5.92,4.67
55,haven,7,6.36,2.9
58,fact,7,6.23,3.29
60,rain,7,5.08,3.65
60,rain,7,5.08,3.65
64,school,7,5.41,4.57
66,bar,7,6.42,5
67,small,7,5.76,3.43
67,iron,7,5.03,3.24
67,full,7,6,3.48
68,duke,7,4.8,4.21
70,twin,7,5.81,3.95
71,umbrella,7,5.16,3.68
71,school,7,5.41,4.57
71,real,7,7.09,4.05
71,thing,7,4.83,4.17
71,rain,7,5.08,3.65
72,haven,7,6.36,2.9
72,haven,7,6.36,2.9
72,important,7,6.82,4.71
73,moment,7,5.76,3.83
74,sleep,7,7.2,2.8
74,country,7,5.93,5.26
74,bowl,7,5.33,3.47
74,school,7,5.41,4.57
75,fact,7,6.23,3.29
75,boots,7,5.97,4.67
79,sleep,7,7.2,2.8
83,fan,7,6.36,4.89
83,land,7,6.61,3.05
85,full,7,6,3.48
85,monk,7,4.9,2.61
85,show,7,5.91,4.1
86,guide,7,5.43,3.33
86,number,7,5.55,4.34
87,fact,7,6.23,3.29
87,radio,7,6,3.84
87,team,7,5.91,3.38
89,moon,7,6.74,4.6
89,fact,7,6.23,3.29
89,visit,7,6.56,3.9
89,mood,7,5.6,4.73
89,full,7,6,3.48
89,sir,7,5.45,4.33
90,listen,7,5.93,4.45
90,bell,7,5.38,4.45
90,town,7,5.93,4.29
90,team,7,5.91,3.38
91,father,7,6.88,3.68
91,candy,7,6.54,4.58
91,land,7,6.61,3.05
92,fact,7,6.23,3.29
92,chin,7,5.29,3.31
92,chin,7,5.29,3.31
92,part,7,5.11,3.82
92,gallery,7,6.03,4.07
92,worth,7,6.15,4.62
94,broom,7,4.83,3.23
94,brother,7,6.18,4.48
94,fact,7,6.23,3.29
94,sleep,7,7.2,2.8
94,model,7,6.38,3.9
96,year,7,5.41,4.22
96,year,7,5.41,4.22
96,year,7,5.41,4.22
96,year,7,5.41,4.22
96,year,7,5.41,4.22
96,fact,7,6.23,3.29
96,pull,7,5.59,4.1
97,tea,7,5.87,4.13
98,hair,7,5.56,4.48
98,thing,7,4.83,4.17
98,fan,7,6.36,4.89
98,bean,7,5.35,3.97
99,thing,7,4.83,4.17
100,brother,7,6.18,4.48
100,dinner,7,6.4,3.85
102,salad,7,5.74,3.81
102,grapes,7,6.61,4.67
104,duke,7,4.8,4.21
104,worth,7,6.15,4.62
104,paint,7,5.62,4.1
107,moment,7,5.76,3.83
107,cool,7,6.82,3.43
107,talk,7,6.64,3.38
110,official,7,5.75,4.04
110,truck,7,5.16,3.76
114,hair,7,5.56,4.48
115,fan,7,6.36,4.89
115,makeup,7,5.64,4.48
115,thing,7,4.83,4.17
116,male,7,5.84,4.9
116,window,7,5.91,3.97
116,ice,7,5.92,4.67
120,bell,7,5.38,4.45
120,brother,7,6.18,4.48
120,thing,7,4.83,4.17
120,technology,7,5.53,4.62
121,truth,7,7.19,3.88
123,dinner,7,6.4,3.85
124,sense,7,6.09,3.7
126,fact,7,6.23,3.29
126,thing,7,4.83,4.17
126,week,7,5.35,4.38
126,fact,7,6.23,3.29
126,fan,7,6.36,4.89
126,show,7,5.91,4.1
127,real,7,7.09,4.05
128,rock,7,5.72,3.14
129,build,7,6.33,3.38
129,build,7,6.33,3.38
130,trust,7,7.24,4.3
130,haven,7,6.36,2.9
130,sleep,7,7.2,2.8
130,explain,7,5.41,4
132,sleep,7,7.2,2.8
133,week,7,5.35,4.38
133,blonde,7,6.18,4.86
133,ice,7,5.92,4.67
135,fact,7,6.23,3.29
135,outcome,7,5.62,3.68
135,dream,7,6.73,4.53
135,thing,7,4.83,4.17
136,fish,7,6.04,4
137,dinner,7,6.4,3.85
137,clay,7,5.33,3.83
138,brother,7,6.18,4.48
142,country,7,5.93,5.26
142,country,7,5.93,5.26
143,school,7,5.41,4.57
144,part,7,5.11,3.82
145,swear,7,3.44,5.05
147,king,7,6,4.45
147,fair,7,7.14,3.29
149,fair,7,7.14,3.29
149,bell,7,5.38,4.45
150,fair,7,7.14,3.29
151,fact,7,6.23,3.29
151,booth,7,5.2,4.2
151,reason,7,6.27,3.33
151,thing,7,4.83,4.17
152,week,7,5.35,4.38
153,calm,7,6.89,1.67
155,fact,7,6.23,3.29
155,school,7,5.41,4.57
155,moment,7,5.76,3.83
155,brother,7,6.18,4.48
155,lad,7,5.44,4.06
155,civil,7,5.8,2.95
156,year,7,5.41,4.22
156,year,7,5.41,4.22
156,fact,7,6.23,3.29
158,listen,7,5.93,4.45
160,swear,7,3.44,5.05
161,truth,7,7.19,3.88
161,rain,7,5.08,3.65
161,brother,7,6.18,4.48
161,brother,7,6.18,4.48
162,governor,7,5.32,3.65
163,part,7,5.11,3.82
163,part,7,5.11,3.82
163,ballet,7,6.86,3.72
164,cup,7,5.44,3.7
164,swear,7,3.44,5.05
164,serious,7,5.08,4
164,door,7,5.13,3.8
164,boots,7,5.97,4.67
164,hair,7,5.56,4.48
164,holy,7,6.06,3.37
164,serious,7,5.08,4
164,president,7,5.23,4.71
164,person,7,6.32,4.19
164,beginning,7,6.2,4.87
164,fact,7,6.23,3.29
165,swear,7,3.44,5.05
165,full,7,6,3.48
165,small,7,5.76,3.43
166,serious,7,5.08,4
167,button,7,5.21,3.82
168,window,7,5.91,3.97
169,brother,7,6.18,4.48
169,talk,7,6.64,3.38
170,calm,7,6.89,1.67
171,radio,7,6,3.84
171,sleep,7,7.2,2.8
172,calm,7,6.89,1.67
173,paper,7,5.2,2.5
175,autumn,7,6.3,4.51
175,leaves,7,6.07,3.8
176,swear,7,3.44,5.05
176,swear,7,3.44,5.05
176,show,7,5.91,4.1
178,job,7,5.64,4
179,street,7,5.22,3.39
179,dream,7,6.73,4.53
180,swear,7,3.44,5.05
180,moon,7,6.74,4.6
180,moon,7,6.74,4.6
180,lead,7,5.56,3.95
180,town,7,5.93,4.29
180,coast,7,5.9,4.17
180,sleep,7,7.2,2.8
180,school,7,5.41,4.57
180,swear,7,3.44,5.05
180,swear,7,3.44,5.05
181,job,7,5.64,4
181,planet,7,5.69,4.34
181,show,7,5.91,4.1
181,swear,7,3.44,5.05
181,thing,7,4.83,4.17
181,swear,7,3.44,5.05
181,mood,7,5.6,4.73
181,lead,7,5.56,3.95
181,lead,7,5.56,3.95
181,father,7,6.88,3.68
183,serious,7,5.08,4
183,person,7,6.32,4.19
183,face,7,6.39,5.04
183,face,7,6.39,5.04
183,seat,7,4.95,2.95
185,moon,7,6.74,4.6
185,extra,7,6.39,2.9
186,nice,7,6.55,4.38
187,official,7,5.75,4.04
187,chop,7,4.6,4.43
187,chop,7,4.6,4.43
190,swear,7,3.44,5.05
190,moment,7,5.76,3.83
190,moment,7,5.76,3.83
190,full,7,6,3.48
191,fact,7,6.23,3.29
191,queen,7,6.44,4.76
191,brother,7,6.18,4.48
191,listen,7,5.93,4.45
192,fan,7,6.36,4.89
192,dinner,7,6.4,3.85
193,country,7,5.93,5.26
193,brother,7,6.18,4.48
193,leaves,7,6.07,3.8
193,brother,7,6.18,4.48
193,total,7,5.74,4.81
194,talk,7,6.64,3.38
195,fact,7,6.23,3.29
195,crew,7,5.83,3.38
196,cool,7,6.82,3.43
197,wheel,7,5.55,4.86
197,cool,7,6.82,3.43
197,moon,7,6.74,4.6
197,role,7,6.11,4.61
198,button,7,5.21,3.82
